{
  "west": -77.6998175208987,
  "south": 43.31348623168821,
  "east": -77.61647636462459,
  "north": 43.3170466099904
}