{
  "west": -77.7005212081444,
  "south": 43.316096039150636,
  "east": -77.61664835887643,
  "north": 43.3198111873923
}